Time,IP Address,Country,User Agent,URL,HTTP Status,Requests in Last 10s,Unique URLs,Error Rate,Burst Ratio,Bot-Like Agent,Label
2025-04-16 22:26:48,198.51.114.175,Unknown,sqlmap/1.5,/track,429,1,1,1.0,1.0,Yes,ğŸš¨ DDoS
2025-04-16 22:26:49,198.51.114.175,Unknown,sqlmap/1.5,/track,429,2,1,1.0,1.0,Yes,ğŸš¨ DDoS
2025-04-16 22:26:49,198.51.114.175,Unknown,sqlmap/1.5,/track,429,3,1,1.0,1.0,Yes,ğŸš¨ DDoS
2025-04-16 22:26:49,198.51.114.175,Unknown,sqlmap/1.5,/track,429,5,1,1.0,1.0,Yes,ğŸš¨ DDoS
2025-04-16 22:26:49,198.51.114.175,Unknown,sqlmap/1.5,/track,429,6,1,1.0,1.0,Yes,ğŸš¨ DDoS
2025-04-16 22:26:49,198.51.114.175,Unknown,sqlmap/1.5,/track,429,7,1,1.0,1.0,Yes,ğŸš¨ DDoS
2025-04-16 22:26:49,198.51.114.175,Unknown,sqlmap/1.5,/track,429,8,1,1.0,1.0,Yes,ğŸš¨ DDoS
2025-04-16 22:26:50,198.51.114.175,Unknown,sqlmap/1.5,/track,429,9,1,1.0,1.0,Yes,ğŸš¨ DDoS
2025-04-16 22:26:50,198.51.114.175,Unknown,sqlmap/1.5,/track,429,10,1,1.0,1.0,Yes,ğŸš¨ DDoS
2025-04-16 22:26:50,198.51.114.175,Unknown,sqlmap/1.5,/track,429,11,1,1.0,1.0,Yes,ğŸš¨ DDoS
2025-04-16 22:26:50,198.51.114.175,Unknown,sqlmap/1.5,/track,429,12,1,1.0,1.0,Yes,ğŸš¨ DDoS
2025-04-16 22:26:50,198.51.114.175,Unknown,sqlmap/1.5,/track,429,13,1,1.0,0.92,Yes,ğŸš¨ DDoS
2025-04-16 22:26:50,198.51.114.175,Unknown,sqlmap/1.5,/track,429,14,1,1.0,0.93,Yes,ğŸš¨ DDoS
2025-04-16 22:26:50,198.51.114.175,Unknown,sqlmap/1.5,/track,429,15,1,1.0,0.93,Yes,ğŸš¨ DDoS
2025-04-16 22:26:52,198.51.114.175,Unknown,sqlmap/1.5,/track,429,17,1,1.0,0.06,Yes,ğŸš¨ DDoS
2025-04-16 22:26:52,198.51.114.175,Unknown,sqlmap/1.5,/track,429,18,1,1.0,0.11,Yes,ğŸš¨ DDoS
2025-04-16 22:26:50,198.51.114.175,Unknown,sqlmap/1.5,/track,429,16,1,1.0,0.94,Yes,ğŸš¨ DDoS
2025-04-16 22:26:52,198.51.114.175,Unknown,sqlmap/1.5,/track,429,19,1,1.0,0.16,Yes,ğŸš¨ DDoS
2025-04-16 22:26:52,198.51.114.175,Unknown,sqlmap/1.5,/track,429,20,1,1.0,0.2,Yes,ğŸš¨ DDoS
2025-04-16 22:26:53,198.51.114.175,Unknown,sqlmap/1.5,/track,429,21,1,1.0,0.24,Yes,ğŸš¨ DDoS
2025-04-16 22:26:53,198.51.114.175,Unknown,sqlmap/1.5,/track,429,22,1,1.0,0.27,Yes,ğŸš¨ DDoS
2025-04-16 22:26:53,198.51.114.175,Unknown,sqlmap/1.5,/track,429,23,1,1.0,0.3,Yes,ğŸš¨ DDoS
2025-04-16 22:26:53,198.51.114.175,Unknown,sqlmap/1.5,/track,429,24,1,1.0,0.33,Yes,ğŸš¨ DDoS
2025-04-16 22:26:53,198.51.114.175,Unknown,sqlmap/1.5,/track,429,25,1,1.0,0.36,Yes,ğŸš¨ DDoS
2025-04-16 22:26:53,198.51.114.175,Unknown,sqlmap/1.5,/track,429,26,1,1.0,0.38,Yes,ğŸš¨ DDoS
2025-04-16 22:26:53,198.51.114.175,Unknown,sqlmap/1.5,/track,429,27,1,1.0,0.41,Yes,ğŸš¨ DDoS
2025-04-16 22:26:53,198.51.114.175,Unknown,sqlmap/1.5,/track,429,28,1,1.0,0.43,Yes,ğŸš¨ DDoS
2025-04-16 22:26:53,198.51.114.175,Unknown,sqlmap/1.5,/track,429,29,1,1.0,0.45,Yes,ğŸš¨ DDoS
2025-04-16 22:26:53,198.51.114.175,Unknown,sqlmap/1.5,/track,429,30,1,1.0,0.47,Yes,ğŸš¨ DDoS
2025-04-16 22:26:53,10.0.0.109,Unknown,scanner-bot,/track,404,1,1,1.0,1.0,Yes,ğŸ•µï¸ Port Scan
2025-04-16 22:26:54,10.0.0.109,Unknown,scanner-bot,/track,404,2,1,1.0,1.0,Yes,ğŸ•µï¸ Port Scan
2025-04-16 22:26:54,10.0.0.109,Unknown,scanner-bot,/track,404,3,1,1.0,1.0,Yes,ğŸ•µï¸ Port Scan
2025-04-16 22:26:54,10.0.0.109,Unknown,scanner-bot,/track,404,4,1,1.0,1.0,Yes,ğŸ•µï¸ Port Scan
2025-04-16 22:26:54,10.0.0.109,Unknown,scanner-bot,/track,404,5,1,1.0,1.0,Yes,ğŸ•µï¸ Port Scan
2025-04-16 22:26:55,10.0.0.109,Unknown,scanner-bot,/track,404,6,1,1.0,1.0,Yes,ğŸ•µï¸ Port Scan
2025-04-16 22:26:55,10.0.0.109,Unknown,scanner-bot,/track,404,7,1,1.0,1.0,Yes,ğŸ•µï¸ Port Scan
2025-04-16 22:26:55,10.0.0.109,Unknown,scanner-bot,/track,404,8,1,1.0,1.0,Yes,ğŸ•µï¸ Port Scan
2025-04-16 22:26:55,10.0.0.109,Unknown,scanner-bot,/track,404,9,1,1.0,1.0,Yes,ğŸ•µï¸ Port Scan
2025-04-16 22:26:55,10.0.0.109,Unknown,scanner-bot,/track,404,10,1,1.0,1.0,Yes,ğŸ•µï¸ Port Scan
2025-04-16 22:26:56,198.51.116.112,Unknown,CustomScanner/1.0,/track,429,1,1,1.0,1.0,Yes,ğŸš¨ DDoS
2025-04-16 22:26:56,198.51.116.112,Unknown,CustomScanner/1.0,/track,429,2,1,1.0,1.0,Yes,ğŸš¨ DDoS
2025-04-16 22:26:56,198.51.116.112,Unknown,CustomScanner/1.0,/track,429,3,1,1.0,1.0,Yes,ğŸš¨ DDoS
2025-04-16 22:26:56,198.51.116.112,Unknown,CustomScanner/1.0,/track,429,4,1,1.0,1.0,Yes,ğŸš¨ DDoS
2025-04-16 22:26:56,198.51.116.112,Unknown,CustomScanner/1.0,/track,429,5,1,1.0,1.0,Yes,ğŸš¨ DDoS
2025-04-16 22:26:56,198.51.116.112,Unknown,CustomScanner/1.0,/track,429,6,1,1.0,1.0,Yes,ğŸš¨ DDoS
2025-04-16 22:26:56,198.51.116.112,Unknown,CustomScanner/1.0,/track,429,7,1,1.0,1.0,Yes,ğŸš¨ DDoS
2025-04-16 22:26:56,198.51.116.112,Unknown,CustomScanner/1.0,/track,429,8,1,1.0,1.0,Yes,ğŸš¨ DDoS
2025-04-16 22:26:56,198.51.116.112,Unknown,CustomScanner/1.0,/track,429,9,1,1.0,1.0,Yes,ğŸš¨ DDoS
2025-04-16 22:26:56,198.51.116.112,Unknown,CustomScanner/1.0,/track,429,10,1,1.0,1.0,Yes,ğŸš¨ DDoS
2025-04-16 22:26:56,198.51.116.112,Unknown,CustomScanner/1.0,/track,429,11,1,1.0,1.0,Yes,ğŸš¨ DDoS
2025-04-16 22:26:56,198.51.116.112,Unknown,CustomScanner/1.0,/track,429,12,1,1.0,1.0,Yes,ğŸš¨ DDoS
2025-04-16 22:26:57,198.51.116.112,Unknown,CustomScanner/1.0,/track,429,13,1,1.0,1.0,Yes,ğŸš¨ DDoS
2025-04-16 22:26:57,198.51.116.112,Unknown,CustomScanner/1.0,/track,429,14,1,1.0,1.0,Yes,ğŸš¨ DDoS
2025-04-16 22:26:57,198.51.116.112,Unknown,CustomScanner/1.0,/track,429,15,1,1.0,1.0,Yes,ğŸš¨ DDoS
2025-04-16 22:26:57,198.51.116.112,Unknown,CustomScanner/1.0,/track,429,16,1,1.0,1.0,Yes,ğŸš¨ DDoS
2025-04-16 22:26:57,198.51.116.112,Unknown,CustomScanner/1.0,/track,429,17,1,1.0,1.0,Yes,ğŸš¨ DDoS
2025-04-16 22:26:57,198.51.116.112,Unknown,CustomScanner/1.0,/track,429,18,1,1.0,1.0,Yes,ğŸš¨ DDoS
2025-04-16 22:26:57,198.51.116.112,Unknown,CustomScanner/1.0,/track,429,19,1,1.0,1.0,Yes,ğŸš¨ DDoS
2025-04-16 22:26:57,198.51.116.112,Unknown,CustomScanner/1.0,/track,429,20,1,1.0,1.0,Yes,ğŸš¨ DDoS
2025-04-16 22:26:57,198.51.116.112,Unknown,CustomScanner/1.0,/track,429,21,1,1.0,1.0,Yes,ğŸš¨ DDoS
2025-04-16 22:26:57,198.51.116.112,Unknown,CustomScanner/1.0,/track,429,22,1,1.0,1.0,Yes,ğŸš¨ DDoS
2025-04-16 22:26:57,198.51.116.112,Unknown,CustomScanner/1.0,/track,429,23,1,1.0,1.0,Yes,ğŸš¨ DDoS
2025-04-16 22:26:58,198.51.116.112,Unknown,CustomScanner/1.0,/track,429,24,1,1.0,1.0,Yes,ğŸš¨ DDoS
2025-04-16 22:26:58,198.51.116.112,Unknown,CustomScanner/1.0,/track,429,25,1,1.0,0.96,Yes,ğŸš¨ DDoS
2025-04-16 22:26:58,198.51.116.112,Unknown,CustomScanner/1.0,/track,429,26,1,1.0,0.92,Yes,ğŸš¨ DDoS
2025-04-16 22:26:58,198.51.116.112,Unknown,CustomScanner/1.0,/track,429,27,1,1.0,0.89,Yes,ğŸš¨ DDoS
2025-04-16 22:26:58,198.51.116.112,Unknown,CustomScanner/1.0,/track,429,28,1,1.0,0.86,Yes,ğŸš¨ DDoS
2025-04-16 22:26:58,198.51.116.112,Unknown,CustomScanner/1.0,/track,429,29,1,1.0,0.83,Yes,ğŸš¨ DDoS
2025-04-16 22:26:58,198.51.116.112,Unknown,CustomScanner/1.0,/track,429,30,1,1.0,0.83,Yes,ğŸš¨ DDoS
2025-04-16 22:26:58,172.16.4.137,Unknown,???,/track,520,1,1,1.0,1.0,No,â“ Other
2025-04-16 22:26:59,172.16.4.137,Unknown,???,/track,520,3,1,1.0,1.0,No,â“ Other
2025-04-16 22:27:00,172.16.4.137,Unknown,???,/track,520,4,1,1.0,1.0,No,â“ Other
2025-04-16 22:27:00,203.0.113.65,Unknown,Mozilla/5.0,/track,401,1,1,1.0,1.0,No,ğŸ”“ Brute-force
2025-04-16 22:27:01,203.0.113.65,Unknown,Mozilla/5.0,/track,401,2,1,1.0,1.0,No,ğŸ”“ Brute-force
2025-04-16 22:27:01,203.0.113.65,Unknown,Mozilla/5.0,/track,401,3,1,1.0,1.0,No,ğŸ”“ Brute-force
2025-04-16 22:27:01,203.0.113.65,Unknown,Mozilla/5.0,/track,401,4,1,1.0,1.0,No,ğŸ”“ Brute-force
2025-04-16 22:27:02,203.0.113.65,Unknown,Mozilla/5.0,/track,401,5,1,1.0,1.0,No,ğŸ”“ Brute-force
2025-04-16 22:27:02,203.0.113.65,Unknown,Mozilla/5.0,/track,401,6,1,1.0,1.0,No,ğŸ”“ Brute-force
2025-04-16 22:27:02,203.0.113.65,Unknown,Mozilla/5.0,/track,401,7,1,1.0,0.86,No,ğŸ”“ Brute-force
2025-04-16 22:27:03,203.0.113.65,Unknown,Mozilla/5.0,/track,401,8,1,1.0,0.75,No,ğŸ”“ Brute-force
2025-04-16 22:27:03,203.0.113.65,Unknown,Mozilla/5.0,/track,401,9,1,1.0,0.67,No,ğŸ”“ Brute-force
2025-04-16 22:27:04,203.0.113.65,Unknown,Mozilla/5.0,/track,401,10,1,1.0,0.6,No,ğŸ”“ Brute-force
2025-04-16 22:27:06,192.0.2.171,Unknown,sqlmap/1.4.3,/track,500,1,1,1.0,1.0,Yes,ğŸ§¬ SQLi
2025-04-16 22:27:06,192.0.2.171,Unknown,sqlmap/1.4.3,/track,500,2,1,1.0,1.0,Yes,ğŸ§¬ SQLi
2025-04-16 22:27:06,192.0.2.171,Unknown,sqlmap/1.4.3,/track,500,3,1,1.0,1.0,Yes,ğŸ§¬ SQLi
2025-04-16 22:27:06,192.0.2.171,Unknown,sqlmap/1.4.3,/track,500,4,1,1.0,1.0,Yes,ğŸ§¬ SQLi
2025-04-16 22:27:07,192.0.2.171,Unknown,sqlmap/1.4.3,/track,500,5,1,1.0,1.0,Yes,ğŸ§¬ SQLi
2025-04-16 22:27:07,192.0.2.171,Unknown,sqlmap/1.4.3,/track,500,6,1,1.0,1.0,Yes,ğŸ§¬ SQLi
2025-04-16 22:27:07,192.0.2.171,Unknown,sqlmap/1.4.3,/track,500,7,1,1.0,1.0,Yes,ğŸ§¬ SQLi
2025-04-16 22:27:07,192.0.2.171,Unknown,sqlmap/1.4.3,/track,500,8,1,1.0,1.0,Yes,ğŸ§¬ SQLi
2025-04-16 22:27:08,192.0.2.171,Unknown,sqlmap/1.4.3,/track,500,9,1,1.0,0.89,Yes,ğŸ§¬ SQLi
2025-04-16 22:27:08,192.0.2.171,Unknown,sqlmap/1.4.3,/track,500,10,1,1.0,0.8,Yes,ğŸ§¬ SQLi
2025-04-16 22:27:08,10.0.0.148,Unknown,scanner-bot,/track,404,1,1,1.0,1.0,Yes,ğŸ•µï¸ Port Scan
2025-04-16 22:27:08,10.0.0.148,Unknown,scanner-bot,/track,404,2,1,1.0,1.0,Yes,ğŸ•µï¸ Port Scan
2025-04-16 22:27:09,10.0.0.148,Unknown,scanner-bot,/track,404,3,1,1.0,1.0,Yes,ğŸ•µï¸ Port Scan
2025-04-16 22:27:09,10.0.0.148,Unknown,scanner-bot,/track,404,4,1,1.0,1.0,Yes,ğŸ•µï¸ Port Scan
2025-04-16 22:27:09,10.0.0.148,Unknown,scanner-bot,/track,404,5,1,1.0,1.0,Yes,ğŸ•µï¸ Port Scan
2025-04-16 22:27:09,10.0.0.148,Unknown,scanner-bot,/track,404,6,1,1.0,1.0,Yes,ğŸ•µï¸ Port Scan
2025-04-16 22:27:09,10.0.0.148,Unknown,scanner-bot,/track,404,7,1,1.0,1.0,Yes,ğŸ•µï¸ Port Scan
2025-04-16 22:27:10,10.0.0.148,Unknown,scanner-bot,/track,404,8,1,1.0,1.0,Yes,ğŸ•µï¸ Port Scan
2025-04-16 22:27:10,10.0.0.148,Unknown,scanner-bot,/track,404,9,1,1.0,1.0,Yes,ğŸ•µï¸ Port Scan
2025-04-16 22:27:10,10.0.0.148,Unknown,scanner-bot,/track,404,10,1,1.0,1.0,Yes,ğŸ•µï¸ Port Scan
2025-04-16 22:27:14,203.0.113.192,Unknown,Mozilla/5.0,/track,401,1,1,1.0,1.0,No,ğŸ”“ Brute-force
2025-04-16 22:27:14,203.0.113.192,Unknown,Mozilla/5.0,/track,401,2,1,1.0,1.0,No,ğŸ”“ Brute-force
2025-04-16 22:27:15,203.0.113.192,Unknown,Mozilla/5.0,/track,401,3,1,1.0,1.0,No,ğŸ”“ Brute-force
2025-04-16 22:27:15,203.0.113.192,Unknown,Mozilla/5.0,/track,401,4,1,1.0,1.0,No,ğŸ”“ Brute-force
2025-04-16 22:27:16,203.0.113.192,Unknown,Mozilla/5.0,/track,401,5,1,1.0,1.0,No,ğŸ”“ Brute-force
2025-04-16 22:27:16,203.0.113.192,Unknown,Mozilla/5.0,/track,401,6,1,1.0,1.0,No,ğŸ”“ Brute-force
2025-04-16 22:27:16,203.0.113.192,Unknown,Mozilla/5.0,/track,401,7,1,1.0,0.86,No,ğŸ”“ Brute-force
2025-04-16 22:27:17,203.0.113.192,Unknown,Mozilla/5.0,/track,401,8,1,1.0,0.75,No,ğŸ”“ Brute-force
2025-04-16 22:27:17,203.0.113.192,Unknown,Mozilla/5.0,/track,401,9,1,1.0,0.67,No,ğŸ”“ Brute-force
2025-04-16 22:27:17,203.0.113.192,Unknown,Mozilla/5.0,/track,401,10,1,1.0,0.6,No,ğŸ”“ Brute-force
2025-04-16 22:27:18,198.51.249.5,Unknown,CustomScanner/1.0,/track,429,1,1,1.0,1.0,Yes,ğŸš¨ DDoS
2025-04-16 22:27:18,198.51.249.5,Unknown,CustomScanner/1.0,/track,429,2,1,1.0,1.0,Yes,ğŸš¨ DDoS
2025-04-16 22:27:18,198.51.249.5,Unknown,CustomScanner/1.0,/track,429,3,1,1.0,1.0,Yes,ğŸš¨ DDoS
2025-04-16 22:27:18,198.51.249.5,Unknown,CustomScanner/1.0,/track,429,4,1,1.0,1.0,Yes,ğŸš¨ DDoS
2025-04-16 22:27:18,198.51.249.5,Unknown,CustomScanner/1.0,/track,429,5,1,1.0,1.0,Yes,ğŸš¨ DDoS
2025-04-16 22:27:18,198.51.249.5,Unknown,CustomScanner/1.0,/track,429,6,1,1.0,1.0,Yes,ğŸš¨ DDoS
2025-04-16 22:27:18,198.51.249.5,Unknown,CustomScanner/1.0,/track,429,7,1,1.0,1.0,Yes,ğŸš¨ DDoS
2025-04-16 22:27:18,198.51.249.5,Unknown,CustomScanner/1.0,/track,429,8,1,1.0,1.0,Yes,ğŸš¨ DDoS
2025-04-16 22:27:18,198.51.249.5,Unknown,CustomScanner/1.0,/track,429,9,1,1.0,1.0,Yes,ğŸš¨ DDoS
2025-04-16 22:27:18,198.51.249.5,Unknown,CustomScanner/1.0,/track,429,10,1,1.0,1.0,Yes,ğŸš¨ DDoS
2025-04-16 22:27:19,198.51.249.5,Unknown,CustomScanner/1.0,/track,429,11,1,1.0,1.0,Yes,ğŸš¨ DDoS
2025-04-16 22:27:19,198.51.249.5,Unknown,CustomScanner/1.0,/track,429,12,1,1.0,1.0,Yes,ğŸš¨ DDoS
2025-04-16 22:27:19,198.51.249.5,Unknown,CustomScanner/1.0,/track,429,13,1,1.0,1.0,Yes,ğŸš¨ DDoS
2025-04-16 22:27:19,198.51.249.5,Unknown,CustomScanner/1.0,/track,429,14,1,1.0,1.0,Yes,ğŸš¨ DDoS
2025-04-16 22:27:19,198.51.249.5,Unknown,CustomScanner/1.0,/track,429,15,1,1.0,1.0,Yes,ğŸš¨ DDoS
2025-04-16 22:27:19,198.51.249.5,Unknown,CustomScanner/1.0,/track,429,16,1,1.0,1.0,Yes,ğŸš¨ DDoS
2025-04-16 22:27:19,198.51.249.5,Unknown,CustomScanner/1.0,/track,429,17,1,1.0,1.0,Yes,ğŸš¨ DDoS
2025-04-16 22:27:19,198.51.249.5,Unknown,CustomScanner/1.0,/track,429,18,1,1.0,1.0,Yes,ğŸš¨ DDoS
2025-04-16 22:27:19,198.51.249.5,Unknown,CustomScanner/1.0,/track,429,19,1,1.0,1.0,Yes,ğŸš¨ DDoS
2025-04-16 22:27:19,198.51.249.5,Unknown,CustomScanner/1.0,/track,429,20,1,1.0,1.0,Yes,ğŸš¨ DDoS
2025-04-16 22:27:19,198.51.249.5,Unknown,CustomScanner/1.0,/track,429,21,1,1.0,1.0,Yes,ğŸš¨ DDoS
2025-04-16 22:27:19,198.51.249.5,Unknown,CustomScanner/1.0,/track,429,22,1,1.0,1.0,Yes,ğŸš¨ DDoS
2025-04-16 22:27:20,198.51.249.5,Unknown,CustomScanner/1.0,/track,429,23,1,1.0,1.0,Yes,ğŸš¨ DDoS
2025-04-16 22:27:20,198.51.249.5,Unknown,CustomScanner/1.0,/track,429,24,1,1.0,1.0,Yes,ğŸš¨ DDoS
2025-04-16 22:27:20,198.51.249.5,Unknown,CustomScanner/1.0,/track,429,25,1,1.0,0.96,Yes,ğŸš¨ DDoS
2025-04-16 22:27:20,198.51.249.5,Unknown,CustomScanner/1.0,/track,429,26,1,1.0,0.92,Yes,ğŸš¨ DDoS
2025-04-16 22:27:20,198.51.249.5,Unknown,CustomScanner/1.0,/track,429,27,1,1.0,0.89,Yes,ğŸš¨ DDoS
2025-04-16 22:27:20,198.51.249.5,Unknown,CustomScanner/1.0,/track,429,28,1,1.0,0.86,Yes,ğŸš¨ DDoS
2025-04-16 22:27:20,198.51.249.5,Unknown,CustomScanner/1.0,/track,429,29,1,1.0,0.83,Yes,ğŸš¨ DDoS
2025-04-16 22:27:20,198.51.249.5,Unknown,CustomScanner/1.0,/track,429,30,1,1.0,0.8,Yes,ğŸš¨ DDoS
2025-04-16 22:27:27,198.51.147.133,Unknown,BOT/1.0,/track,429,1,1,1.0,1.0,Yes,ğŸš¨ DDoS
2025-04-16 22:27:27,198.51.147.133,Unknown,BOT/1.0,/track,429,2,1,1.0,1.0,Yes,ğŸš¨ DDoS
2025-04-16 22:27:27,198.51.147.133,Unknown,BOT/1.0,/track,429,3,1,1.0,1.0,Yes,ğŸš¨ DDoS
2025-04-16 22:27:27,198.51.147.133,Unknown,BOT/1.0,/track,429,4,1,1.0,1.0,Yes,ğŸš¨ DDoS
2025-04-16 22:27:27,198.51.147.133,Unknown,BOT/1.0,/track,429,5,1,1.0,1.0,Yes,ğŸš¨ DDoS
2025-04-16 22:27:27,198.51.147.133,Unknown,BOT/1.0,/track,429,6,1,1.0,1.0,Yes,ğŸš¨ DDoS
2025-04-16 22:27:27,198.51.147.133,Unknown,BOT/1.0,/track,429,7,1,1.0,1.0,Yes,ğŸš¨ DDoS
2025-04-16 22:27:27,198.51.147.133,Unknown,BOT/1.0,/track,429,8,1,1.0,1.0,Yes,ğŸš¨ DDoS
2025-04-16 22:27:28,198.51.147.133,Unknown,BOT/1.0,/track,429,9,1,1.0,1.0,Yes,ğŸš¨ DDoS
2025-04-16 22:27:28,198.51.147.133,Unknown,BOT/1.0,/track,429,10,1,1.0,1.0,Yes,ğŸš¨ DDoS
2025-04-16 22:27:28,198.51.147.133,Unknown,BOT/1.0,/track,429,11,1,1.0,1.0,Yes,ğŸš¨ DDoS
2025-04-16 22:27:28,198.51.147.133,Unknown,BOT/1.0,/track,429,12,1,1.0,1.0,Yes,ğŸš¨ DDoS
2025-04-16 22:27:28,198.51.147.133,Unknown,BOT/1.0,/track,429,13,1,1.0,1.0,Yes,ğŸš¨ DDoS
2025-04-16 22:27:28,198.51.147.133,Unknown,BOT/1.0,/track,429,14,1,1.0,1.0,Yes,ğŸš¨ DDoS
2025-04-16 22:27:28,198.51.147.133,Unknown,BOT/1.0,/track,429,15,1,1.0,1.0,Yes,ğŸš¨ DDoS
2025-04-16 22:27:28,198.51.147.133,Unknown,BOT/1.0,/track,429,16,1,1.0,1.0,Yes,ğŸš¨ DDoS
2025-04-16 22:27:28,198.51.147.133,Unknown,BOT/1.0,/track,429,17,1,1.0,1.0,Yes,ğŸš¨ DDoS
2025-04-16 22:27:28,198.51.147.133,Unknown,BOT/1.0,/track,429,18,1,1.0,1.0,Yes,ğŸš¨ DDoS
2025-04-16 22:27:28,198.51.147.133,Unknown,BOT/1.0,/track,429,19,1,1.0,1.0,Yes,ğŸš¨ DDoS
2025-04-16 22:27:29,198.51.147.133,Unknown,BOT/1.0,/track,429,20,1,1.0,1.0,Yes,ğŸš¨ DDoS
2025-04-16 22:27:29,198.51.147.133,Unknown,BOT/1.0,/track,429,21,1,1.0,1.0,Yes,ğŸš¨ DDoS
2025-04-16 22:27:29,198.51.147.133,Unknown,BOT/1.0,/track,429,22,1,1.0,0.95,Yes,ğŸš¨ DDoS
2025-04-16 22:27:29,198.51.147.133,Unknown,BOT/1.0,/track,429,23,1,1.0,0.91,Yes,ğŸš¨ DDoS
2025-04-16 22:27:29,198.51.147.133,Unknown,BOT/1.0,/track,429,24,1,1.0,0.92,Yes,ğŸš¨ DDoS
2025-04-16 22:27:29,198.51.147.133,Unknown,BOT/1.0,/track,429,25,1,1.0,0.88,Yes,ğŸš¨ DDoS
2025-04-16 22:27:29,198.51.147.133,Unknown,BOT/1.0,/track,429,26,1,1.0,0.88,Yes,ğŸš¨ DDoS
2025-04-16 22:27:29,198.51.147.133,Unknown,BOT/1.0,/track,429,27,1,1.0,0.85,Yes,ğŸš¨ DDoS
2025-04-16 22:27:29,198.51.147.133,Unknown,BOT/1.0,/track,429,28,1,1.0,0.82,Yes,ğŸš¨ DDoS
2025-04-16 22:27:29,198.51.147.133,Unknown,BOT/1.0,/track,429,29,1,1.0,0.79,Yes,ğŸš¨ DDoS
2025-04-16 22:27:29,198.51.147.133,Unknown,BOT/1.0,/track,429,30,1,1.0,0.77,Yes,ğŸš¨ DDoS
2025-04-16 22:27:36,198.51.94.106,Unknown,CustomScanner/1.0,/track,429,1,1,1.0,1.0,Yes,ğŸš¨ DDoS
2025-04-16 22:27:37,198.51.94.106,Unknown,CustomScanner/1.0,/track,429,2,1,1.0,1.0,Yes,ğŸš¨ DDoS
2025-04-16 22:27:37,198.51.94.106,Unknown,CustomScanner/1.0,/track,429,3,1,1.0,1.0,Yes,ğŸš¨ DDoS
2025-04-16 22:27:37,198.51.94.106,Unknown,CustomScanner/1.0,/track,429,4,1,1.0,1.0,Yes,ğŸš¨ DDoS
2025-04-16 22:27:37,198.51.94.106,Unknown,CustomScanner/1.0,/track,429,5,1,1.0,1.0,Yes,ğŸš¨ DDoS
2025-04-16 22:27:37,198.51.94.106,Unknown,CustomScanner/1.0,/track,429,6,1,1.0,1.0,Yes,ğŸš¨ DDoS
2025-04-16 22:27:37,198.51.94.106,Unknown,CustomScanner/1.0,/track,429,7,1,1.0,1.0,Yes,ğŸš¨ DDoS
2025-04-16 22:27:37,198.51.94.106,Unknown,CustomScanner/1.0,/track,429,8,1,1.0,1.0,Yes,ğŸš¨ DDoS
2025-04-16 22:27:37,198.51.94.106,Unknown,CustomScanner/1.0,/track,429,9,1,1.0,1.0,Yes,ğŸš¨ DDoS
2025-04-16 22:27:37,198.51.94.106,Unknown,CustomScanner/1.0,/track,429,10,1,1.0,1.0,Yes,ğŸš¨ DDoS
2025-04-16 22:27:37,198.51.94.106,Unknown,CustomScanner/1.0,/track,429,11,1,1.0,1.0,Yes,ğŸš¨ DDoS
2025-04-16 22:27:37,198.51.94.106,Unknown,CustomScanner/1.0,/track,429,12,1,1.0,1.0,Yes,ğŸš¨ DDoS
2025-04-16 22:27:37,198.51.94.106,Unknown,CustomScanner/1.0,/track,429,13,1,1.0,1.0,Yes,ğŸš¨ DDoS
2025-04-16 22:27:38,198.51.94.106,Unknown,CustomScanner/1.0,/track,429,14,1,1.0,1.0,Yes,ğŸš¨ DDoS
2025-04-16 22:27:38,198.51.94.106,Unknown,CustomScanner/1.0,/track,429,15,1,1.0,1.0,Yes,ğŸš¨ DDoS
2025-04-16 22:27:38,198.51.94.106,Unknown,CustomScanner/1.0,/track,429,16,1,1.0,1.0,Yes,ğŸš¨ DDoS
2025-04-16 22:27:38,198.51.94.106,Unknown,CustomScanner/1.0,/track,429,17,1,1.0,1.0,Yes,ğŸš¨ DDoS
2025-04-16 22:27:38,198.51.94.106,Unknown,CustomScanner/1.0,/track,429,18,1,1.0,1.0,Yes,ğŸš¨ DDoS
2025-04-16 22:27:38,198.51.94.106,Unknown,CustomScanner/1.0,/track,429,19,1,1.0,1.0,Yes,ğŸš¨ DDoS
2025-04-16 22:27:38,198.51.94.106,Unknown,CustomScanner/1.0,/track,429,20,1,1.0,1.0,Yes,ğŸš¨ DDoS
2025-04-16 22:27:38,198.51.94.106,Unknown,CustomScanner/1.0,/track,429,21,1,1.0,1.0,Yes,ğŸš¨ DDoS
2025-04-16 22:27:38,198.51.94.106,Unknown,CustomScanner/1.0,/track,429,22,1,1.0,1.0,Yes,ğŸš¨ DDoS
2025-04-16 22:27:38,198.51.94.106,Unknown,CustomScanner/1.0,/track,429,23,1,1.0,1.0,Yes,ğŸš¨ DDoS
2025-04-16 22:27:38,198.51.94.106,Unknown,CustomScanner/1.0,/track,429,24,1,1.0,1.0,Yes,ğŸš¨ DDoS
2025-04-16 22:27:38,198.51.94.106,Unknown,CustomScanner/1.0,/track,429,25,1,1.0,1.0,Yes,ğŸš¨ DDoS
2025-04-16 22:27:38,198.51.94.106,Unknown,CustomScanner/1.0,/track,429,26,1,1.0,1.0,Yes,ğŸš¨ DDoS
2025-04-16 22:27:38,198.51.94.106,Unknown,CustomScanner/1.0,/track,429,27,1,1.0,1.0,Yes,ğŸš¨ DDoS
2025-04-16 22:27:39,198.51.94.106,Unknown,CustomScanner/1.0,/track,429,28,1,1.0,0.93,Yes,ğŸš¨ DDoS
2025-04-16 22:27:39,198.51.94.106,Unknown,CustomScanner/1.0,/track,429,29,1,1.0,0.9,Yes,ğŸš¨ DDoS
2025-04-16 22:27:39,198.51.94.106,Unknown,CustomScanner/1.0,/track,429,30,1,1.0,0.9,Yes,ğŸš¨ DDoS
2025-04-16 22:27:39,172.16.19.251,Unknown,???,/track,520,1,1,1.0,1.0,No,â“ Other
2025-04-16 22:27:39,172.16.19.251,Unknown,???,/track,520,2,1,1.0,1.0,No,â“ Other
2025-04-16 22:27:40,172.16.19.251,Unknown,???,/track,520,3,1,1.0,1.0,No,â“ Other
2025-04-16 22:27:40,172.16.19.251,Unknown,???,/track,520,4,1,1.0,1.0,No,â“ Other
2025-04-16 22:27:41,172.16.19.251,Unknown,???,/track,520,5,1,1.0,0.8,No,â“ Other
2025-04-16 22:27:42,172.16.19.251,Unknown,???,/track,520,6,1,1.0,0.67,No,â“ Other
2025-04-16 22:27:42,172.16.19.251,Unknown,???,/track,520,7,1,1.0,0.57,No,â“ Other
2025-04-16 22:27:45,203.0.113.41,Unknown,Mozilla/5.0,/track,401,1,1,1.0,1.0,No,ğŸ”“ Brute-force
2025-04-16 22:27:46,203.0.113.41,Unknown,Mozilla/5.0,/track,401,2,1,1.0,1.0,No,ğŸ”“ Brute-force
2025-04-16 22:27:46,203.0.113.41,Unknown,Mozilla/5.0,/track,401,3,1,1.0,1.0,No,ğŸ”“ Brute-force
2025-04-16 22:27:46,203.0.113.41,Unknown,Mozilla/5.0,/track,401,4,1,1.0,1.0,No,ğŸ”“ Brute-force
2025-04-16 22:27:47,203.0.113.41,Unknown,Mozilla/5.0,/track,401,5,1,1.0,1.0,No,ğŸ”“ Brute-force
2025-04-16 22:27:47,203.0.113.41,Unknown,Mozilla/5.0,/track,401,6,1,1.0,1.0,No,ğŸ”“ Brute-force
2025-04-16 22:27:47,203.0.113.41,Unknown,Mozilla/5.0,/track,401,7,1,1.0,0.86,No,ğŸ”“ Brute-force
2025-04-16 22:27:48,203.0.113.41,Unknown,Mozilla/5.0,/track,401,8,1,1.0,0.75,No,ğŸ”“ Brute-force
2025-04-16 22:27:48,203.0.113.41,Unknown,Mozilla/5.0,/track,401,9,1,1.0,0.67,No,ğŸ”“ Brute-force
2025-04-16 22:27:48,203.0.113.41,Unknown,Mozilla/5.0,/track,401,10,1,1.0,0.6,No,ğŸ”“ Brute-force
2025-04-16 22:27:49,198.51.195.135,Unknown,curl/7.64.1,/track,429,1,1,1.0,1.0,Yes,ğŸš¨ DDoS
2025-04-16 22:27:49,198.51.195.135,Unknown,curl/7.64.1,/track,429,2,1,1.0,1.0,Yes,ğŸš¨ DDoS
2025-04-16 22:27:49,198.51.195.135,Unknown,curl/7.64.1,/track,429,3,1,1.0,1.0,Yes,ğŸš¨ DDoS
2025-04-16 22:27:49,198.51.195.135,Unknown,curl/7.64.1,/track,429,4,1,1.0,1.0,Yes,ğŸš¨ DDoS
2025-04-16 22:27:49,198.51.195.135,Unknown,curl/7.64.1,/track,429,5,1,1.0,1.0,Yes,ğŸš¨ DDoS
2025-04-16 22:27:49,198.51.195.135,Unknown,curl/7.64.1,/track,429,6,1,1.0,1.0,Yes,ğŸš¨ DDoS
2025-04-16 22:27:49,198.51.195.135,Unknown,curl/7.64.1,/track,429,7,1,1.0,1.0,Yes,ğŸš¨ DDoS
2025-04-16 22:27:49,198.51.195.135,Unknown,curl/7.64.1,/track,429,8,1,1.0,1.0,Yes,ğŸš¨ DDoS
2025-04-16 22:27:49,198.51.195.135,Unknown,curl/7.64.1,/track,429,9,1,1.0,1.0,Yes,ğŸš¨ DDoS
2025-04-16 22:27:49,198.51.195.135,Unknown,curl/7.64.1,/track,429,10,1,1.0,1.0,Yes,ğŸš¨ DDoS
2025-04-16 22:27:50,198.51.195.135,Unknown,curl/7.64.1,/track,429,11,1,1.0,1.0,Yes,ğŸš¨ DDoS
2025-04-16 22:27:50,198.51.195.135,Unknown,curl/7.64.1,/track,429,12,1,1.0,1.0,Yes,ğŸš¨ DDoS
2025-04-16 22:27:50,198.51.195.135,Unknown,curl/7.64.1,/track,429,13,1,1.0,1.0,Yes,ğŸš¨ DDoS
2025-04-16 22:27:50,198.51.195.135,Unknown,curl/7.64.1,/track,429,14,1,1.0,1.0,Yes,ğŸš¨ DDoS
2025-04-16 22:27:50,198.51.195.135,Unknown,curl/7.64.1,/track,429,15,1,1.0,1.0,Yes,ğŸš¨ DDoS
2025-04-16 22:27:50,198.51.195.135,Unknown,curl/7.64.1,/track,429,16,1,1.0,1.0,Yes,ğŸš¨ DDoS
2025-04-16 22:27:50,198.51.195.135,Unknown,curl/7.64.1,/track,429,17,1,1.0,1.0,Yes,ğŸš¨ DDoS
2025-04-16 22:27:50,198.51.195.135,Unknown,curl/7.64.1,/track,429,18,1,1.0,1.0,Yes,ğŸš¨ DDoS
2025-04-16 22:27:50,198.51.195.135,Unknown,curl/7.64.1,/track,429,19,1,1.0,1.0,Yes,ğŸš¨ DDoS
2025-04-16 22:27:50,198.51.195.135,Unknown,curl/7.64.1,/track,429,20,1,1.0,1.0,Yes,ğŸš¨ DDoS
2025-04-16 22:27:50,198.51.195.135,Unknown,curl/7.64.1,/track,429,21,1,1.0,1.0,Yes,ğŸš¨ DDoS
2025-04-16 22:27:50,198.51.195.135,Unknown,curl/7.64.1,/track,429,22,1,1.0,1.0,Yes,ğŸš¨ DDoS
2025-04-16 22:27:50,198.51.195.135,Unknown,curl/7.64.1,/track,429,23,1,1.0,1.0,Yes,ğŸš¨ DDoS
2025-04-16 22:27:51,198.51.195.135,Unknown,curl/7.64.1,/track,429,24,1,1.0,1.0,Yes,ğŸš¨ DDoS
2025-04-16 22:27:51,198.51.195.135,Unknown,curl/7.64.1,/track,429,25,1,1.0,1.0,Yes,ğŸš¨ DDoS
2025-04-16 22:27:51,198.51.195.135,Unknown,curl/7.64.1,/track,429,26,1,1.0,1.0,Yes,ğŸš¨ DDoS
2025-04-16 22:27:51,198.51.195.135,Unknown,curl/7.64.1,/track,429,27,1,1.0,1.0,Yes,ğŸš¨ DDoS
2025-04-16 22:27:51,198.51.195.135,Unknown,curl/7.64.1,/track,429,28,1,1.0,0.96,Yes,ğŸš¨ DDoS
2025-04-16 22:27:51,198.51.195.135,Unknown,curl/7.64.1,/track,429,29,1,1.0,0.97,Yes,ğŸš¨ DDoS
2025-04-16 22:27:51,198.51.195.135,Unknown,curl/7.64.1,/track,429,30,1,1.0,0.93,Yes,ğŸš¨ DDoS
2025-04-16 22:27:54,198.51.31.71,Unknown,curl/7.64.1,/track,429,1,1,1.0,1.0,Yes,ğŸš¨ DDoS
2025-04-16 22:27:54,198.51.31.71,Unknown,curl/7.64.1,/track,429,2,1,1.0,1.0,Yes,ğŸš¨ DDoS
2025-04-16 22:27:54,198.51.31.71,Unknown,curl/7.64.1,/track,429,3,1,1.0,1.0,Yes,ğŸš¨ DDoS
2025-04-16 22:27:54,198.51.31.71,Unknown,curl/7.64.1,/track,429,4,1,1.0,1.0,Yes,ğŸš¨ DDoS
2025-04-16 22:27:54,198.51.31.71,Unknown,curl/7.64.1,/track,429,5,1,1.0,1.0,Yes,ğŸš¨ DDoS
2025-04-16 22:27:54,198.51.31.71,Unknown,curl/7.64.1,/track,429,6,1,1.0,1.0,Yes,ğŸš¨ DDoS
2025-04-16 22:27:54,198.51.31.71,Unknown,curl/7.64.1,/track,429,7,1,1.0,1.0,Yes,ğŸš¨ DDoS
2025-04-16 22:27:54,198.51.31.71,Unknown,curl/7.64.1,/track,429,8,1,1.0,1.0,Yes,ğŸš¨ DDoS
2025-04-16 22:27:54,198.51.31.71,Unknown,curl/7.64.1,/track,429,9,1,1.0,1.0,Yes,ğŸš¨ DDoS
2025-04-16 22:27:54,198.51.31.71,Unknown,curl/7.64.1,/track,429,10,1,1.0,1.0,Yes,ğŸš¨ DDoS
2025-04-16 22:27:54,198.51.31.71,Unknown,curl/7.64.1,/track,429,11,1,1.0,1.0,Yes,ğŸš¨ DDoS
2025-04-16 22:27:55,198.51.31.71,Unknown,curl/7.64.1,/track,429,12,1,1.0,1.0,Yes,ğŸš¨ DDoS
2025-04-16 22:27:55,198.51.31.71,Unknown,curl/7.64.1,/track,429,13,1,1.0,1.0,Yes,ğŸš¨ DDoS
2025-04-16 22:27:55,198.51.31.71,Unknown,curl/7.64.1,/track,429,14,1,1.0,1.0,Yes,ğŸš¨ DDoS
2025-04-16 22:27:55,198.51.31.71,Unknown,curl/7.64.1,/track,429,15,1,1.0,1.0,Yes,ğŸš¨ DDoS
2025-04-16 22:27:55,198.51.31.71,Unknown,curl/7.64.1,/track,429,16,1,1.0,1.0,Yes,ğŸš¨ DDoS
2025-04-16 22:27:55,198.51.31.71,Unknown,curl/7.64.1,/track,429,17,1,1.0,1.0,Yes,ğŸš¨ DDoS
2025-04-16 22:27:55,198.51.31.71,Unknown,curl/7.64.1,/track,429,18,1,1.0,1.0,Yes,ğŸš¨ DDoS
2025-04-16 22:27:55,198.51.31.71,Unknown,curl/7.64.1,/track,429,19,1,1.0,1.0,Yes,ğŸš¨ DDoS
2025-04-16 22:27:55,198.51.31.71,Unknown,curl/7.64.1,/track,429,20,1,1.0,1.0,Yes,ğŸš¨ DDoS
2025-04-16 22:27:55,198.51.31.71,Unknown,curl/7.64.1,/track,429,21,1,1.0,1.0,Yes,ğŸš¨ DDoS
2025-04-16 22:27:55,198.51.31.71,Unknown,curl/7.64.1,/track,429,22,1,1.0,1.0,Yes,ğŸš¨ DDoS
2025-04-16 22:27:55,198.51.31.71,Unknown,curl/7.64.1,/track,429,23,1,1.0,1.0,Yes,ğŸš¨ DDoS
2025-04-16 22:27:56,198.51.31.71,Unknown,curl/7.64.1,/track,429,24,1,1.0,1.0,Yes,ğŸš¨ DDoS
2025-04-16 22:27:56,198.51.31.71,Unknown,curl/7.64.1,/track,429,25,1,1.0,0.96,Yes,ğŸš¨ DDoS
2025-04-16 22:27:56,198.51.31.71,Unknown,curl/7.64.1,/track,429,26,1,1.0,0.88,Yes,ğŸš¨ DDoS
2025-04-16 22:27:56,198.51.31.71,Unknown,curl/7.64.1,/track,429,27,1,1.0,0.85,Yes,ğŸš¨ DDoS
2025-04-16 22:27:56,198.51.31.71,Unknown,curl/7.64.1,/track,429,28,1,1.0,0.82,Yes,ğŸš¨ DDoS
2025-04-16 22:27:56,198.51.31.71,Unknown,curl/7.64.1,/track,429,29,1,1.0,0.79,Yes,ğŸš¨ DDoS
2025-04-16 22:27:56,198.51.31.71,Unknown,curl/7.64.1,/track,429,30,1,1.0,0.77,Yes,ğŸš¨ DDoS
2025-04-16 22:27:56,10.0.0.74,Unknown,scanner-bot,/track,404,1,1,1.0,1.0,Yes,ğŸ•µï¸ Port Scan
2025-04-16 22:27:56,10.0.0.74,Unknown,scanner-bot,/track,404,2,1,1.0,1.0,Yes,ğŸ•µï¸ Port Scan
2025-04-16 22:27:57,10.0.0.74,Unknown,scanner-bot,/track,404,3,1,1.0,1.0,Yes,ğŸ•µï¸ Port Scan
2025-04-16 22:27:57,10.0.0.74,Unknown,scanner-bot,/track,404,4,1,1.0,1.0,Yes,ğŸ•µï¸ Port Scan
2025-04-16 22:27:57,10.0.0.74,Unknown,scanner-bot,/track,404,5,1,1.0,1.0,Yes,ğŸ•µï¸ Port Scan
2025-04-16 22:27:57,10.0.0.74,Unknown,scanner-bot,/track,404,6,1,1.0,1.0,Yes,ğŸ•µï¸ Port Scan
2025-04-16 22:27:57,10.0.0.74,Unknown,scanner-bot,/track,404,7,1,1.0,1.0,Yes,ğŸ•µï¸ Port Scan
2025-04-16 22:27:58,10.0.0.74,Unknown,scanner-bot,/track,404,8,1,1.0,1.0,Yes,ğŸ•µï¸ Port Scan
2025-04-16 22:27:58,10.0.0.74,Unknown,scanner-bot,/track,404,9,1,1.0,1.0,Yes,ğŸ•µï¸ Port Scan
2025-04-16 22:27:58,10.0.0.74,Unknown,scanner-bot,/track,404,10,1,1.0,1.0,Yes,ğŸ•µï¸ Port Scan
2025-04-16 22:28:04,192.0.2.19,Unknown,sqlmap/1.4.3,/track,500,1,1,1.0,1.0,Yes,ğŸ§¬ SQLi
2025-04-16 22:28:05,192.0.2.19,Unknown,sqlmap/1.4.3,/track,500,2,1,1.0,1.0,Yes,ğŸ§¬ SQLi
2025-04-16 22:28:05,192.0.2.19,Unknown,sqlmap/1.4.3,/track,500,3,1,1.0,1.0,Yes,ğŸ§¬ SQLi
2025-04-16 22:28:05,192.0.2.19,Unknown,sqlmap/1.4.3,/track,500,4,1,1.0,1.0,Yes,ğŸ§¬ SQLi
2025-04-16 22:28:05,192.0.2.19,Unknown,sqlmap/1.4.3,/track,500,5,1,1.0,1.0,Yes,ğŸ§¬ SQLi
2025-04-16 22:28:06,192.0.2.19,Unknown,sqlmap/1.4.3,/track,500,6,1,1.0,1.0,Yes,ğŸ§¬ SQLi
2025-04-16 22:28:06,192.0.2.19,Unknown,sqlmap/1.4.3,/track,500,7,1,1.0,1.0,Yes,ğŸ§¬ SQLi
2025-04-16 22:28:06,192.0.2.19,Unknown,sqlmap/1.4.3,/track,500,8,1,1.0,1.0,Yes,ğŸ§¬ SQLi
2025-04-16 22:28:06,192.0.2.19,Unknown,sqlmap/1.4.3,/track,500,9,1,1.0,0.89,Yes,ğŸ§¬ SQLi
2025-04-16 22:28:07,192.0.2.19,Unknown,sqlmap/1.4.3,/track,500,10,1,1.0,0.8,Yes,ğŸ§¬ SQLi
2025-04-16 22:28:07,203.0.113.195,Unknown,Mozilla/5.0,/track,401,1,1,1.0,1.0,No,ğŸ”“ Brute-force
2025-04-16 22:28:07,203.0.113.195,Unknown,Mozilla/5.0,/track,401,2,1,1.0,1.0,No,ğŸ”“ Brute-force
2025-04-16 22:28:08,203.0.113.195,Unknown,Mozilla/5.0,/track,401,3,1,1.0,1.0,No,ğŸ”“ Brute-force
2025-04-16 22:28:08,203.0.113.195,Unknown,Mozilla/5.0,/track,401,4,1,1.0,1.0,No,ğŸ”“ Brute-force
2025-04-16 22:28:08,203.0.113.195,Unknown,Mozilla/5.0,/track,401,5,1,1.0,1.0,No,ğŸ”“ Brute-force
2025-04-16 22:28:09,203.0.113.195,Unknown,Mozilla/5.0,/track,401,6,1,1.0,1.0,No,ğŸ”“ Brute-force
2025-04-16 22:28:09,203.0.113.195,Unknown,Mozilla/5.0,/track,401,7,1,1.0,0.86,No,ğŸ”“ Brute-force
2025-04-16 22:28:09,203.0.113.195,Unknown,Mozilla/5.0,/track,401,8,1,1.0,0.75,No,ğŸ”“ Brute-force
2025-04-16 22:28:10,203.0.113.195,Unknown,Mozilla/5.0,/track,401,9,1,1.0,0.67,No,ğŸ”“ Brute-force
2025-04-16 22:28:10,203.0.113.195,Unknown,Mozilla/5.0,/track,401,10,1,1.0,0.6,No,ğŸ”“ Brute-force
2025-04-16 22:28:11,203.0.113.149,Unknown,Mozilla/5.0,/track,401,1,1,1.0,1.0,No,ğŸ”“ Brute-force
2025-04-16 22:28:11,203.0.113.149,Unknown,Mozilla/5.0,/track,401,2,1,1.0,1.0,No,ğŸ”“ Brute-force
2025-04-16 22:28:11,203.0.113.149,Unknown,Mozilla/5.0,/track,401,3,1,1.0,1.0,No,ğŸ”“ Brute-force
2025-04-16 22:28:12,203.0.113.149,Unknown,Mozilla/5.0,/track,401,4,1,1.0,1.0,No,ğŸ”“ Brute-force
2025-04-16 22:28:12,203.0.113.149,Unknown,Mozilla/5.0,/track,401,5,1,1.0,1.0,No,ğŸ”“ Brute-force
2025-04-16 22:28:12,203.0.113.149,Unknown,Mozilla/5.0,/track,401,6,1,1.0,1.0,No,ğŸ”“ Brute-force
2025-04-16 22:28:13,203.0.113.149,Unknown,Mozilla/5.0,/track,401,7,1,1.0,0.86,No,ğŸ”“ Brute-force
2025-04-16 22:28:13,203.0.113.149,Unknown,Mozilla/5.0,/track,401,8,1,1.0,0.75,No,ğŸ”“ Brute-force
2025-04-16 22:28:13,203.0.113.149,Unknown,Mozilla/5.0,/track,401,9,1,1.0,0.67,No,ğŸ”“ Brute-force
2025-04-16 22:28:14,203.0.113.149,Unknown,Mozilla/5.0,/track,401,10,1,1.0,0.6,No,ğŸ”“ Brute-force
2025-04-16 22:28:14,10.0.0.127,Unknown,scanner-bot,/track,404,1,1,1.0,1.0,Yes,ğŸ•µï¸ Port Scan
2025-04-16 22:28:14,10.0.0.127,Unknown,scanner-bot,/track,404,2,1,1.0,1.0,Yes,ğŸ•µï¸ Port Scan
2025-04-16 22:28:14,10.0.0.127,Unknown,scanner-bot,/track,404,3,1,1.0,1.0,Yes,ğŸ•µï¸ Port Scan
2025-04-16 22:28:15,10.0.0.127,Unknown,scanner-bot,/track,404,4,1,1.0,1.0,Yes,ğŸ•µï¸ Port Scan
2025-04-16 22:28:15,10.0.0.127,Unknown,scanner-bot,/track,404,5,1,1.0,1.0,Yes,ğŸ•µï¸ Port Scan
2025-04-16 22:28:15,10.0.0.127,Unknown,scanner-bot,/track,404,6,1,1.0,1.0,Yes,ğŸ•µï¸ Port Scan
2025-04-16 22:28:15,10.0.0.127,Unknown,scanner-bot,/track,404,7,1,1.0,1.0,Yes,ğŸ•µï¸ Port Scan
2025-04-16 22:28:15,10.0.0.127,Unknown,scanner-bot,/track,404,8,1,1.0,1.0,Yes,ğŸ•µï¸ Port Scan
2025-04-16 22:28:16,10.0.0.127,Unknown,scanner-bot,/track,404,9,1,1.0,1.0,Yes,ğŸ•µï¸ Port Scan
2025-04-16 22:28:16,10.0.0.127,Unknown,scanner-bot,/track,404,10,1,1.0,1.0,Yes,ğŸ•µï¸ Port Scan
2025-04-16 22:28:21,172.16.11.176,Unknown,???,/track,520,1,1,1.0,1.0,No,â“ Other
2025-04-16 22:28:22,172.16.11.176,Unknown,???,/track,520,2,1,1.0,1.0,No,â“ Other
2025-04-16 22:28:22,172.16.11.176,Unknown,???,/track,520,3,1,1.0,1.0,No,â“ Other
2025-04-16 22:28:23,172.16.11.176,Unknown,???,/track,520,4,1,1.0,1.0,No,â“ Other
2025-04-16 22:28:23,172.16.11.176,Unknown,???,/track,520,5,1,1.0,0.8,No,â“ Other
2025-04-16 22:28:24,198.51.146.49,Unknown,Googlebot,/track,429,1,1,1.0,1.0,Yes,ğŸš¨ DDoS
2025-04-16 22:28:24,198.51.146.49,Unknown,Googlebot,/track,429,2,1,1.0,1.0,Yes,ğŸš¨ DDoS
2025-04-16 22:28:24,198.51.146.49,Unknown,Googlebot,/track,429,3,1,1.0,1.0,Yes,ğŸš¨ DDoS
2025-04-16 22:28:24,198.51.146.49,Unknown,Googlebot,/track,429,4,1,1.0,1.0,Yes,ğŸš¨ DDoS
2025-04-16 22:28:24,198.51.146.49,Unknown,Googlebot,/track,429,5,1,1.0,1.0,Yes,ğŸš¨ DDoS
2025-04-16 22:28:24,198.51.146.49,Unknown,Googlebot,/track,429,6,1,1.0,1.0,Yes,ğŸš¨ DDoS
2025-04-16 22:28:24,198.51.146.49,Unknown,Googlebot,/track,429,7,1,1.0,1.0,Yes,ğŸš¨ DDoS
2025-04-16 22:28:24,198.51.146.49,Unknown,Googlebot,/track,429,8,1,1.0,1.0,Yes,ğŸš¨ DDoS
2025-04-16 22:28:24,198.51.146.49,Unknown,Googlebot,/track,429,9,1,1.0,1.0,Yes,ğŸš¨ DDoS
2025-04-16 22:28:24,198.51.146.49,Unknown,Googlebot,/track,429,10,1,1.0,1.0,Yes,ğŸš¨ DDoS
2025-04-16 22:28:25,198.51.146.49,Unknown,Googlebot,/track,429,11,1,1.0,1.0,Yes,ğŸš¨ DDoS
2025-04-16 22:28:25,198.51.146.49,Unknown,Googlebot,/track,429,12,1,1.0,1.0,Yes,ğŸš¨ DDoS
2025-04-16 22:28:25,198.51.146.49,Unknown,Googlebot,/track,429,13,1,1.0,1.0,Yes,ğŸš¨ DDoS
2025-04-16 22:28:25,198.51.146.49,Unknown,Googlebot,/track,429,14,1,1.0,1.0,Yes,ğŸš¨ DDoS
2025-04-16 22:28:25,198.51.146.49,Unknown,Googlebot,/track,429,15,1,1.0,1.0,Yes,ğŸš¨ DDoS
2025-04-16 22:28:25,198.51.146.49,Unknown,Googlebot,/track,429,16,1,1.0,1.0,Yes,ğŸš¨ DDoS
2025-04-16 22:28:25,198.51.146.49,Unknown,Googlebot,/track,429,17,1,1.0,1.0,Yes,ğŸš¨ DDoS
2025-04-16 22:28:25,198.51.146.49,Unknown,Googlebot,/track,429,18,1,1.0,1.0,Yes,ğŸš¨ DDoS
2025-04-16 22:28:25,198.51.146.49,Unknown,Googlebot,/track,429,19,1,1.0,1.0,Yes,ğŸš¨ DDoS
2025-04-16 22:28:25,198.51.146.49,Unknown,Googlebot,/track,429,20,1,1.0,1.0,Yes,ğŸš¨ DDoS
2025-04-16 22:28:25,198.51.146.49,Unknown,Googlebot,/track,429,21,1,1.0,1.0,Yes,ğŸš¨ DDoS
2025-04-16 22:28:25,198.51.146.49,Unknown,Googlebot,/track,429,22,1,1.0,1.0,Yes,ğŸš¨ DDoS
2025-04-16 22:28:25,198.51.146.49,Unknown,Googlebot,/track,429,23,1,1.0,1.0,Yes,ğŸš¨ DDoS
2025-04-16 22:28:25,198.51.146.49,Unknown,Googlebot,/track,429,24,1,1.0,1.0,Yes,ğŸš¨ DDoS
2025-04-16 22:28:25,198.51.146.49,Unknown,Googlebot,/track,429,25,1,1.0,1.0,Yes,ğŸš¨ DDoS
2025-04-16 22:28:26,198.51.146.49,Unknown,Googlebot,/track,429,26,1,1.0,1.0,Yes,ğŸš¨ DDoS
2025-04-16 22:28:26,198.51.146.49,Unknown,Googlebot,/track,429,27,1,1.0,1.0,Yes,ğŸš¨ DDoS
2025-04-16 22:28:26,198.51.146.49,Unknown,Googlebot,/track,429,28,1,1.0,1.0,Yes,ğŸš¨ DDoS
2025-04-16 22:28:26,198.51.146.49,Unknown,Googlebot,/track,429,29,1,1.0,1.0,Yes,ğŸš¨ DDoS
2025-04-16 22:28:26,198.51.146.49,Unknown,Googlebot,/track,429,30,1,1.0,0.97,Yes,ğŸš¨ DDoS
2025-04-16 22:28:26,192.0.2.95,Unknown,sqlmap/1.4.3,/track,500,1,1,1.0,1.0,Yes,ğŸ§¬ SQLi
2025-04-16 22:28:26,192.0.2.95,Unknown,sqlmap/1.4.3,/track,500,2,1,1.0,1.0,Yes,ğŸ§¬ SQLi
2025-04-16 22:28:26,192.0.2.95,Unknown,sqlmap/1.4.3,/track,500,3,1,1.0,1.0,Yes,ğŸ§¬ SQLi
2025-04-16 22:28:27,192.0.2.95,Unknown,sqlmap/1.4.3,/track,500,4,1,1.0,1.0,Yes,ğŸ§¬ SQLi
2025-04-16 22:28:27,192.0.2.95,Unknown,sqlmap/1.4.3,/track,500,5,1,1.0,1.0,Yes,ğŸ§¬ SQLi
2025-04-16 22:28:27,192.0.2.95,Unknown,sqlmap/1.4.3,/track,500,6,1,1.0,1.0,Yes,ğŸ§¬ SQLi
2025-04-16 22:28:27,192.0.2.95,Unknown,sqlmap/1.4.3,/track,500,7,1,1.0,1.0,Yes,ğŸ§¬ SQLi
2025-04-16 22:28:28,192.0.2.95,Unknown,sqlmap/1.4.3,/track,500,8,1,1.0,1.0,Yes,ğŸ§¬ SQLi
2025-04-16 22:28:28,192.0.2.95,Unknown,sqlmap/1.4.3,/track,500,9,1,1.0,1.0,Yes,ğŸ§¬ SQLi
2025-04-16 22:28:28,192.0.2.95,Unknown,sqlmap/1.4.3,/track,500,10,1,1.0,0.9,Yes,ğŸ§¬ SQLi
2025-04-16 22:28:28,192.0.2.30,Unknown,sqlmap/1.4.3,/track,500,1,1,1.0,1.0,Yes,ğŸ§¬ SQLi
2025-04-16 22:28:29,192.0.2.30,Unknown,sqlmap/1.4.3,/track,500,2,1,1.0,1.0,Yes,ğŸ§¬ SQLi
2025-04-16 22:28:29,192.0.2.30,Unknown,sqlmap/1.4.3,/track,500,3,1,1.0,1.0,Yes,ğŸ§¬ SQLi
2025-04-16 22:28:29,192.0.2.30,Unknown,sqlmap/1.4.3,/track,500,4,1,1.0,1.0,Yes,ğŸ§¬ SQLi
2025-04-16 22:28:29,192.0.2.30,Unknown,sqlmap/1.4.3,/track,500,5,1,1.0,1.0,Yes,ğŸ§¬ SQLi
2025-04-16 22:28:30,192.0.2.30,Unknown,sqlmap/1.4.3,/track,500,6,1,1.0,1.0,Yes,ğŸ§¬ SQLi
2025-04-16 22:28:30,192.0.2.30,Unknown,sqlmap/1.4.3,/track,500,7,1,1.0,1.0,Yes,ğŸ§¬ SQLi
2025-04-16 22:28:30,192.0.2.30,Unknown,sqlmap/1.4.3,/track,500,8,1,1.0,1.0,Yes,ğŸ§¬ SQLi
2025-04-16 22:28:30,192.0.2.30,Unknown,sqlmap/1.4.3,/track,500,9,1,1.0,0.89,Yes,ğŸ§¬ SQLi
2025-04-16 22:28:31,192.0.2.30,Unknown,sqlmap/1.4.3,/track,500,10,1,1.0,0.8,Yes,ğŸ§¬ SQLi
2025-04-16 22:28:31,192.0.2.8,Unknown,sqlmap/1.4.3,/track,500,1,1,1.0,1.0,Yes,ğŸ§¬ SQLi
2025-04-16 22:28:31,192.0.2.8,Unknown,sqlmap/1.4.3,/track,500,2,1,1.0,1.0,Yes,ğŸ§¬ SQLi
2025-04-16 22:28:31,192.0.2.8,Unknown,sqlmap/1.4.3,/track,500,3,1,1.0,1.0,Yes,ğŸ§¬ SQLi
2025-04-16 22:28:32,192.0.2.8,Unknown,sqlmap/1.4.3,/track,500,4,1,1.0,1.0,Yes,ğŸ§¬ SQLi
2025-04-16 22:28:32,192.0.2.8,Unknown,sqlmap/1.4.3,/track,500,5,1,1.0,1.0,Yes,ğŸ§¬ SQLi
2025-04-16 22:28:32,192.0.2.8,Unknown,sqlmap/1.4.3,/track,500,6,1,1.0,1.0,Yes,ğŸ§¬ SQLi
2025-04-16 22:28:32,192.0.2.8,Unknown,sqlmap/1.4.3,/track,500,7,1,1.0,1.0,Yes,ğŸ§¬ SQLi
2025-04-16 22:28:33,192.0.2.8,Unknown,sqlmap/1.4.3,/track,500,8,1,1.0,1.0,Yes,ğŸ§¬ SQLi
2025-04-16 22:28:33,192.0.2.8,Unknown,sqlmap/1.4.3,/track,500,9,1,1.0,1.0,Yes,ğŸ§¬ SQLi
2025-04-16 22:28:33,192.0.2.8,Unknown,sqlmap/1.4.3,/track,500,10,1,1.0,0.9,Yes,ğŸ§¬ SQLi
